PWSID,SupplierName,ZIP,size,County,Hydrologic Region,Climate Zone,Population_21,PDSI_div
CA0110005,EAST BAY MUD,94607,LWS,Alameda.Contra Costa,San Francisco Bay,3.0,1405000.0,40405.0
CA0110006,CITY OF HAYWARD,94541,LWS,Alameda,San Francisco Bay,3.0,151600.0,40405.0
CA0110008,CITY OF PLEASANTON,94566,LWS,Alameda,San Francisco Bay,12.0,79201.0,40405.0
CA0210001,LAKE ALPINE WATER COMPANY,95223,SWS,Alpine,San Joaquin River,16.0,625.0,40505.0
CA0310001,CITY OF JACKSON,95642,LWS,Amador,San Joaquin River,12.0,4686.0,40505.0
CA0310002,"AWA, IONE",95640,LWS,Amador,San Joaquin River,12.0,6170.0,40505.0
CA0310003,"AWA, SUTTER CREEK",95685,LWS,Amador,San Joaquin River,12.0,4943.0,40505.0
CA0310006,RIVER PINES PUD,95675,SWS,Amador,San Joaquin River,12.0,510.0,40505.0
CA0310012,AWA BUCKHORN PLANT,95666,LWS,Amador,San Joaquin River,12.0,8809.0,40505.0
CA0310019,AWA LA MEL HEIGHTS #3,95689,SWS,Amador,San Joaquin River,12.0,188.0,40505.0
CA0310021,AMADOR COUNTY SERVICE AREA #3/UNIT 6,95640,SWS,Amador,San Joaquin River,12.0,2384.0,40505.0
CA0410011,DEL ORO WATER CO.-PARADISE PINES,95954,LWS,Butte,Sacramento River,11.0,10513.0,40205.0
CA0510001,UNION PUBLIC UTILITY DISTRICT,95247,LWS,Calaveras,San Joaquin River,12.0,4668.0,40505.0
CA0510002,CALAVERAS PUD,95249,LWS,Calaveras,San Joaquin River,12.0,6286.0,40505.0
CA0510003,"ANGELS CAMP, CITY OF",95222,LWS,Calaveras,San Joaquin River,12.0,3836.0,40505.0
CA0610004,CITY OF WILLIAMS,95987,LWS,Colusa,Sacramento River,11.0,5255.0,40205.0
CA0710001,CITY OF ANTIOCH,94509,LWS,Contra Costa,San Joaquin River,12.0,115074.0,40505.0
CA0710002,GOLDEN STATE WATER COMPANY - BAY POINT,94565,LWS,Contra Costa,San Francisco Bay,12.0,22295.0,40405.0
CA0710003,CONTRA COSTA WATER DISTRICT,94520,LWS,Contra Costa,San Francisco Bay,12.0,198000.0,40405.0
CA0710004,CITY OF BRENTWOOD,94513,LWS,Contra Costa,San Joaquin River,12.0,65118.0,40505.0
CA0710008,CITY OF PITTSBURG,94565,LWS,Contra Costa,San Francisco Bay,12.0,62500.0,40405.0
CA0800555,GASQUET C.S.D.,95543,SWS,Del Norte,North Coast,16.0,775.0,40105.0
CA0810001,CITY OF CRESCENT CITY,95531,LWS,Del Norte,North Coast,1.0,14000.0,40105.0
CA0910001,EL DORADO ID - MAIN,95667,LWS,El Dorado,Sacramento River,12.0,130687.0,40205.0
CA0910012,TAHOE CITY PUD - RUBICON,96145,SWS,El Dorado.Placer,North Lahontan,16.0,703.0,40305.0
CA1010003,CITY OF CLOVIS,93611,LWS,Fresno,Tulare Lake,13.0,125722.0,40505.0
CA1010007,CITY OF FRESNO,93703,LWS,Fresno,Tulare Lake,13.0,541990.0,40505.0
CA1010029,CITY OF SANGER,93657,LWS,Fresno,Tulare Lake,13.0,25664.0,40505.0
CA1010044,"HURON, CITY OF",93234,SWS,Fresno,Tulare Lake,13.0,9306.0,40505.0
CA1210001,"ARCATA, CITY OF",95521,LWS,Humboldt,North Coast,1.0,19096.0,40105.0
CA1210008,GARBERVILLE SANITARY DISTRICT,95542,SWS,Humboldt,North Coast,2.0,1500.0,40105.0
CA1210009,HUMBOLDT C.S.D.,95503,LWS,Humboldt,North Coast,1.0,19485.0,40105.0
CA1210012,"RIO DELL, CITY OF",95562,LWS,Humboldt,North Coast,1.0,3300.0,40105.0
CA1210013,HUMBOLDT BAY MWD,95501,LWS,Humboldt,North Coast,1.0,88646.0,40105.0
CA1210016,MCKINLEYVILLE C.S.D.,95521,LWS,Humboldt,North Coast,1.0,16900.0,40105.0
CA1210023,LOLETA C.S.D.,95551,SWS,Humboldt,North Coast,1.0,750.0,40105.0
CA1310002,"CALEXICO, CITY OF",92231,LWS,Imperial,Colorado River,15.0,40357.0,40705.0
CA1310003,GSWC - CALIPATRIA,92233,LWS,Imperial,Colorado River,15.0,4335.0,40705.0
CA1400099,MOUNTAIN VIEW TRAILER COURT,93526,SWS,Inyo,South Lahontan,16.0,53.0,40705.0
CA1510001,ARVIN COMMUNITY SERVICES DIST,93203,LWS,Kern,Tulare Lake,13.0,21851.0,40505.0
CA1510006,EAST NILES CSD,93306,LWS,Kern,Tulare Lake,13.0,32517.0,40505.0
CA1510007,FRAZIER PARK PUD,93225,LWS,Kern,Tulare Lake,16.0,2691.0,40505.0
CA1510014,MOJAVE PUD,93501,LWS,Kern,South Lahontan,14.0,4230.0,40705.0
CA1510015,OILDALE MWC,93308,LWS,Kern,Tulare Lake,13.0,36726.0,40505.0
CA1510017,INDIAN WELLS VALLEY W.D.,93555,LWS,Kern.San Bernardino,South Lahontan,14.0,39478.0,40705.0
CA1510018,ROSAMOND CSD,93560,LWS,Kern,South Lahontan,14.0,16905.0,40705.0
CA1510019,"SHAFTER, CITY OF",93263,LWS,Kern,Tulare Lake,13.0,20500.0,40505.0
CA1510020,"TEHACHAPI, CITY OF",93561,LWS,Kern,Tulare Lake,16.0,8839.0,40505.0
CA1510022,WEST KERN WATER DISTRICT,93268,LWS,Kern,Tulare Lake,13.0,20965.0,40505.0
CA1510024,GREENFIELD COUNTY WD,93307,LWS,Kern,Tulare Lake,13.0,10986.0,40505.0
CA1510027,DESERT LAKE COMM SERV DIST,93516,SWS,Kern,South Lahontan,14.0,1036.0,40705.0
CA1510028,MIL POTRERO MWC,93222,LWS,Kern,Tulare Lake,16.0,1600.0,40505.0
CA1510032,"CALIFORNIA CITY, CITY OF",93505,LWS,Kern,South Lahontan,14.0,14198.0,40705.0
CA1510045,GOLDEN HILLS CSD,93561,LWS,Kern,Tulare Lake,16.0,9640.0,40505.0
CA1510046,LOST HILLS UTILITY DISTRICT,93249,SWS,Kern,Tulare Lake,13.0,2412.0,40505.0
CA1610001,ARMONA COMMUNITY SERVICES DIST,93202,LWS,Kings,Tulare Lake,13.0,4143.0,40505.0
CA1610003,"HANFORD, CITY OF",93230,LWS,Kings,Tulare Lake,13.0,17626.0,40505.0
CA1710001,CLEARLAKE OAKS COUNTY WATER DISTRICT,95423,LWS,Lake,Sacramento River,2.0,2359.0,40205.0
CA1710002,GOLDEN STATE WATER CO.-CLEARLAKE SYSTEM,95422,LWS,Lake,Sacramento River,2.0,4104.0,40205.0
CA1710003,HIGHLANDS MUTUAL WATER COMPANY,95422,LWS,Lake,Sacramento River,2.0,9494.0,40205.0
CA1710004,"LAKEPORT, CITY OF",95453,LWS,Lake,Sacramento River,2.0,4762.0,40205.0
CA1710008,NICE MUTUAL WATER COMPANY,95464,LWS,Lake,Sacramento River,2.0,2731.0,40205.0
CA1900303,LLANO MUTUAL WATER COMPANY,93544,SWS,Los Angeles,South Lahontan,14.0,264.0,40705.0
CA1900563,"SUNDALE MUTUAL WATER COMPANY A, B",93560,SWS,Los Angeles,South Lahontan,14.0,1100.0,40705.0
CA1900803,EL DORADO MUTUAL WATER CO.,93551,SWS,Los Angeles,South Lahontan,14.0,660.0,40705.0
CA1900804,EVERGREEN MUTUAL WATER COMPANY,93535,SWS,Los Angeles,South Lahontan,14.0,95.0,40705.0
CA1910001,CITY OF ALHAMBRA,91801,LWS,Los Angeles,South Coast,9.0,83750.0,40605.0
CA1910002,AMARILLO MUTUAL WATER COMPANY,91770,SWS,Los Angeles,South Coast,9.0,3134.0,40605.0
CA1910003,CITY OF ARCADIA,91006,LWS,Los Angeles,South Coast,9.0,44738.0,40605.0
CA1910004,GSWC - ARTESIA,90701,LWS,Los Angeles,South Coast,8.0,48150.0,40605.0
CA1910007,AZUSA LIGHT AND WATER,91702,LWS,Los Angeles,South Coast,9.0,110044.0,40605.0
CA1910009,VALLEY COUNTY WATER DIST.,91706,LWS,Los Angeles,South Coast,9.0,56754.0,40605.0
CA1910011,"GSWC - BELL, BELL GARDENS",90201,LWS,Los Angeles,South Coast,8.0,58269.0,40605.0
CA1910013,BELLFLOWER - SOMERSET MWC,90706,LWS,Los Angeles,South Coast,8.0,46300.0,40605.0
CA1910017,SANTA CLARITA WATER DIVISION,91350,LWS,Los Angeles,South Coast,9.0,131729.0,40605.0
CA1910018,BELLFLOWER MUNICIPAL WATER SYSTEM,90706,LWS,Los Angeles,South Coast,8.0,5967.0,40605.0
CA1910019,"CERRITOS - CITY, WATER DEPT.",90703,LWS,Los Angeles,South Coast,8.0,49041.0,40605.0
CA1910021,PARK WC - COMPTON,90241,LWS,Los Angeles,South Coast,8.0,23802.0,40605.0
CA1910024,GSWC - CLAREMONT,91711,LWS,Los Angeles,South Coast,9.0,37580.0,40605.0
CA1910028,CRESCENTA VALLEY CWD,91214,LWS,Los Angeles,South Coast,9.0,33203.0,40605.0
CA1910029,CITY OF INDUSTRY WATERWORKS SYSTEMS,91744,LWS,Los Angeles,South Coast,9.0,6029.0,40605.0
CA1910030,GSWC - CULVER CITY,90230,LWS,Los Angeles,South Coast,8.0,36364.0,40605.0
CA1910035,KINNELOA IRRIGATION DIST.,91107,SWS,Los Angeles,South Coast,9.0,1940.0,40605.0
CA1910039,SAN GABRIEL VALLEY WATER CO.-EL MONTE,91732,LWS,Los Angeles,South Coast,9.0,254000.0,40605.0
CA1910042,"PICO RIVERA - CITY, WATER DEPT.",90660,LWS,Los Angeles,South Coast,9.0,40205.0,40605.0
CA1910043,"GLENDALE-CITY, WATER DEPT.",91206,LWS,Los Angeles,South Coast,9.0,205331.0,40605.0
CA1910049,"HUNTINGTON PARK-CITY, WATER DEPT.",90255,LWS,Los Angeles,South Coast,8.0,15414.0,40605.0
CA1910052,CAL/AM WATER COMPANY - BALDWIN HILLS,91770,LWS,Los Angeles,South Coast,8.0,20665.0,40605.0
CA1910054,LA CANADA IRRIGATION DIST.,91011,LWS,Los Angeles,South Coast,9.0,9300.0,40605.0
CA1910060,LA PUENTE VALLEY CWD,91744,LWS,Los Angeles,South Coast,9.0,8108.0,40605.0
CA1910061,LAS FLORES WATER CO.,91001,LWS,Los Angeles,South Coast,9.0,4844.0,40605.0
CA1910064,LITTLEROCK CREEK IRRIGATION DIST.,93543,LWS,Los Angeles,South Lahontan,14.0,3122.0,40705.0
CA1910070,LOS ANGELES CO WW DIST 4 & 34-LANCASTER,93535,LWS,Los Angeles,South Lahontan,14.0,187372.0,40705.0
CA1910072,GSWC - WILLOWBROOK,90061,LWS,Los Angeles,South Coast,8.0,11069.0,40605.0
CA1910077,GSWC - FLORENCE/GRAHAM,90670,LWS,Los Angeles,South Coast,8.0,66422.0,40605.0
CA1910091,MONTEBELLO LAND & WATER CO.,90640,LWS,Los Angeles,South Coast,9.0,26554.0,40605.0
CA1910092,"MONTEREY PARK-CITY, WATER DEPT.",91754,LWS,Los Angeles,South Coast,9.0,62183.0,40605.0
CA1910096,NEWHALL CWD-NEWHALL,91321,LWS,Los Angeles,South Coast,9.0,16959.0,40605.0
CA1910098,GSWC - NORWALK,90670,LWS,Los Angeles,South Coast,9.0,43903.0,40605.0
CA1910099,PARADISE RANCH MHP,91384,SWS,Los Angeles,South Coast,9.0,345.0,40605.0
CA1910101,ORCHARD DALE WATER DISTRICT,90604,LWS,Los Angeles,South Coast,9.0,25000.0,40605.0
CA1910102,PALMDALE WATER DIST.,93550,LWS,Los Angeles,South Lahontan,14.0,126994.0,40705.0
CA1910103,PALM RANCH IRRIGATION DIST.,93536,LWS,Los Angeles,South Lahontan,14.0,5564.0,40705.0
CA1910105,"PARAMOUNT - CITY, WATER DEPT.",90723,LWS,Los Angeles,South Coast,8.0,55200.0,40605.0
CA1910117,"MONTEBELLO-CITY, WATER DEPT.",90640,LWS,Los Angeles,South Coast,9.0,8157.0,40605.0
CA1910130,QUARTZ HILL WATER DIST.,93536,LWS,Los Angeles,South Lahontan,14.0,20352.0,40705.0
CA1910139,CAL/AM WATER COMPANY - SAN MARINO,91770,LWS,Los Angeles,South Coast,8.0,47626.0,40605.0
CA1910140,RUBIO CANON LAND & WATER ASSOCIATION,91001,LWS,Los Angeles,South Coast,9.0,9600.0,40605.0
CA1910143,"SAN FERNANDO-CITY, WATER DEPT.",91340,LWS,Los Angeles,South Coast,9.0,24322.0,40605.0
CA1910144,SAN GABRIEL COUNTY WD,91770,LWS,Los Angeles,South Coast,9.0,45000.0,40605.0
CA1910146,"SANTA MONICA-CITY, WATER DIVISION",90025,LWS,Los Angeles,South Coast,6.0,91411.0,40605.0
CA1910148,"SIERRA MADRE-CITY, WATER DEPT.",91024,LWS,Los Angeles,South Coast,9.0,11000.0,40605.0
CA1910149,"SIGNAL HILL - CITY, WATER DEPT.",90755,LWS,Los Angeles,South Coast,6.0,11795.0,40605.0
CA1910152,"SOUTH GATE-CITY, WATER DEPT.",90280,LWS,Los Angeles,South Coast,8.0,76443.0,40605.0
CA1910154,CITY OF SOUTH PASADENA,91030,LWS,Los Angeles,South Coast,9.0,26174.0,40605.0
CA1910155,GSWC - SOUTHWEST,90247,LWS,Los Angeles,South Coast,8.0,275538.0,40605.0
CA1910156,"BEVERLY HILLS-CITY, WATER DEPT.",90210,LWS,Los Angeles,South Coast,9.0,45007.0,40605.0
CA1910161,PARK WC - LYNWOOD,90241,LWS,Los Angeles,South Coast,8.0,24171.0,40605.0
CA1910163,VALENCIA HEIGHTS WATER CO.,91791,LWS,Los Angeles,South Coast,9.0,7775.0,40605.0
CA1910166,VALLEY WATER CO.,91011,LWS,Los Angeles,South Coast,9.0,10070.0,40605.0
CA1910167,"VERNON-CITY, WATER DEPT.",90058,LWS,Los Angeles,South Coast,8.0,28000.0,40605.0
CA1910169,WALNUT PARK MUTUAL WATER CO.,90255,LWS,Los Angeles,South Coast,8.0,16180.0,40605.0
CA1910173,"WHITTIER-CITY, WATER DEPT.",90602,LWS,Los Angeles,South Coast,9.0,49954.0,40605.0
CA1910185,LOS ANGELES CO WW DIST 36-VAL VERDE,91384,LWS,Los Angeles,South Coast,9.0,5289.0,40605.0
CA1910186,CAL-AM WATER COMPANY - DUARTE,91770,LWS,Los Angeles,South Coast,8.0,24734.0,40605.0
CA1910189,SAN GABRIEL VALLEY WATER CO.-MONTEBELLO,90640,LWS,Los Angeles,South Coast,9.0,8630.0,40605.0
CA1910194,ROWLAND WATER DISTRICT,91748,LWS,Los Angeles,South Coast,9.0,59283.0,40605.0
CA1910195,GSWC - HOLLYDALE,90280,LWS,Los Angeles,South Coast,8.0,7691.0,40605.0
CA1910203,"LOS ANGELES CWWD 40, R24, 27,33-PEARBLSM",91803,LWS,Los Angeles,South Lahontan,9.0,10854.0,40705.0
CA1910211,PARK WC - BELLFLOWER-NORWALK,90241,LWS,Los Angeles,South Coast,8.0,72964.0,40605.0
CA1910212,GSWC-SOUTH ARCADIA,91006,LWS,Los Angeles,South Coast,9.0,27113.0,40605.0
CA1910223,GSWC-SOUTH SAN GABRIEL,91770,LWS,Los Angeles,South Coast,9.0,27933.0,40605.0
CA1910239,"LAKEWOOD - CITY, WATER DEPT.",90712,LWS,Los Angeles,South Coast,8.0,63050.0,40605.0
CA1910240,VALENCIA WATER CO.,91355,LWS,Los Angeles,South Coast,9.0,99774.0,40605.0
CA1910241,MESA CREST WATER CO.,91011,SWS,Los Angeles,South Coast,9.0,2336.0,40605.0
CA1910245,"SANTA FE SPRINGS - CITY, WATER DEPT.",90670,LWS,Los Angeles,South Coast,9.0,18533.0,40605.0
CA1910247,NEWHALL CWD-CASTAIC,91321,LWS,Los Angeles,South Coast,9.0,9820.0,40605.0
CA1910248,LOS ANGELES CO WW DIST 37-ACTON,93510,LWS,Los Angeles,South Coast,14.0,6600.0,40605.0
CA1910249,WHITE FENCE FARMS MUTUAL WATER CO.,93551,SWS,Los Angeles,South Lahontan,14.0,1362.0,40705.0
CA1910250,NEWHALL CWD-PINETREE,91321,LWS,Los Angeles,South Coast,9.0,15219.0,40605.0
CA2010002,CITY OF MADERA,93637,LWS,Madera,San Joaquin River,13.0,66225.0,40505.0
CA2110004,STINSON BEACH COUNTY WTR DIST,94970,SWS,Marin,San Francisco Bay,3.0,1500.0,40105.0
CA2300507,CALPELLA COUNTY WATER DISTRICT,95482,SWS,Mendocino,North Coast,2.0,548.0,40105.0
CA2300514,ELK COUNTY WATER DISTRICT,95432,SWS,Mendocino,North Coast,1.0,380.0,40105.0
CA2300545,SHORELANDS ROAD & WATER COMPANY,95460,SWS,Mendocino,North Coast,1.0,85.0,40105.0
CA2300730,WESTPORT COUNTY WATER DISTRICT,95488,SWS,Mendocino,North Coast,1.0,369.0,40105.0
CA2310001,"FORT BRAGG, CITY OF",95437,LWS,Mendocino,North Coast,1.0,7250.0,40105.0
CA2310003,"UKIAH, CITY OF",95482,LWS,Mendocino,North Coast,2.0,15995.0,40105.0
CA2310006,MILLVIEW COUNTY WATER DISTRICT,95482,LWS,Mendocino,North Coast,2.0,5500.0,40105.0
CA2310007,NORTH GUALALA WATER COMPANY,95445,LWS,Mendocino,North Coast,1.0,2593.0,40105.0
CA2310009,BROOKTRAILS TOWNSHIP CSD,95490,LWS,Mendocino,North Coast,2.0,3800.0,40105.0
CA2310011,LAYTONVILLE COUNTY WATER DISTRICT,95454,SWS,Mendocino,North Coast,2.0,2000.0,40105.0
CA2310013,POINT ARENA WATER WORKS,95468,SWS,Mendocino,North Coast,1.0,472.0,40105.0
CA2410005,CITY OF LOS BANOS,93635,LWS,Merced,San Joaquin River,12.0,41923.0,40505.0
CA2410012,HILMAR COUNTY WATER DISTRICT,95324,LWS,Merced,San Joaquin River,12.0,5416.0,40505.0
CA2410018,SANTA NELLA COUNTY WATER DISTRICT,95322,SWS,Merced,San Joaquin River,12.0,1308.0,40505.0
CA2700728,SAN ARDO WD,93450,SWS,Monterey,Central Coast,4.0,575.0,40405.0
CA2700773,SUNNY MESA WATER SYSTEM,95076,SWS,Santa Cruz,Central Coast,3.0,880.0,40405.0
CA2701926,MORO RD WS #09,93907,SWS,Monterey,Central Coast,3.0,210.0,40405.0
CA2702521,SANTA LUCIA PRESERVE WS,93923,SWS,Monterey,Central Coast,3.0,554.0,40405.0
CA2702588,CANADA WOODS WC,93923,SWS,Monterey,Central Coast,3.0,610.0,40405.0
CA2710001,ALCO WATER SERVICE,93905,LWS,Monterey,Central Coast,3.0,30103.0,40405.0
CA2710004,CAL AM WATER COMPANY - MONTEREY,93950,LWS,Monterey,Central Coast,3.0,93007.0,40405.0
CA2710006,CAL AM WATER COMPANY - AMBLER PARK,93950,SWS,Monterey,Central Coast,3.0,980.0,40405.0
CA2710011,"SOLEDAD, CITY OF",93960,LWS,Monterey,Central Coast,3.0,16729.0,40405.0
CA2710017,MARINA COAST WATER DISTRICT,93933,LWS,Monterey,Central Coast,3.0,37472.0,40405.0
CA2710018,SEASIDE MUNICIPAL WATER SYSTEM,93955,SWS,Monterey,Central Coast,3.0,2800.0,40405.0
CA2710020,PAJARO COMMUNITY SERVICES DISTRICT,95076,SWS,Santa Cruz,Central Coast,3.0,6500.0,40405.0
CA2710021,CAL AM WATER COMPANY - TORO,93905,SWS,Monterey,Central Coast,3.0,1065.0,40405.0
CA2710022,CAL AM WATER COMPANY - HIDDEN HILLS,93940,SWS,Monterey,Central Coast,3.0,1106.0,40405.0
CA2710023,TASCO SPRECKELS WATER COMPANY,93908,SWS,Monterey,Central Coast,3.0,1079.0,40405.0
CA2800526,LAKE BERRYESSA RESORT IMPROVEMENT DIST,94567,SWS,Napa,Sacramento River,2.0,476.0,40205.0
CA2810003,"NAPA, CITY OF",94559,LWS,Napa,San Francisco Bay,2.0,86906.0,40105.0
CA2810013,BERRYESSA HIGHLANDS,94558,SWS,Napa,San Francisco Bay,2.0,938.0,40105.0
CA2910003,"TRUCKEE-DONNER PUD, MAIN",96161,LWS,Nevada.Placer,North Lahontan,16.0,36730.0,40305.0
CA2910004,"NEVADA ID - E. GEORGE, BANNER MOUNTAIN",95959,LWS,Nevada.Placer,Sacramento River,11.0,17233.0,40205.0
CA3010001,CITY OF ANAHEIM,92805,LWS,Orange,South Coast,8.0,369033.0,40605.0
CA3010003,CITY OF BUENA PARK,90620,LWS,Orange,South Coast,8.0,81998.0,40605.0
CA3010017,LAGUNA BEACH COUNTY WD,92651,LWS,Orange,South Coast,6.0,23343.0,40605.0
CA3010018,CITY OF LA HABRA,90631,LWS,Orange,South Coast,8.0,63118.0,40605.0
CA3010022,GOLDEN STATE WC - WEST ORANGE,90270,LWS,Orange,South Coast,8.0,113125.0,40605.0
CA3010023,CITY OF NEWPORT BEACH,92663,LWS,Orange,South Coast,6.0,68230.0,40605.0
CA3010035,GOLDEN STATE WC - PLACENTIA,92870,LWS,Orange,South Coast,8.0,49686.0,40605.0
CA3010036,CITY OF SAN CLEMENTE,92672,LWS,Orange,South Coast,6.0,51065.0,40605.0
CA3010037,YORBA LINDA WATER DISTRICT,92870,LWS,Orange,South Coast,8.0,83490.0,40605.0
CA3010038,CITY OF SANTA ANA,92703,LWS,Orange,South Coast,8.0,337716.0,40605.0
CA3010042,SOUTH COAST WD - SOUTH COAST,92651,LWS,Orange,South Coast,6.0,34232.0,40605.0
CA3010047,GOLDEN STATE WC - COWAN HEIGHTS,92870,LWS,Orange,South Coast,8.0,6983.0,40605.0
CA3010064,CITY OF WESTMINSTER,92683,LWS,Orange,South Coast,6.0,95256.0,40605.0
CA3010069,CITY OF FOUNTAIN VALLEY,92708,LWS,Orange,South Coast,6.0,59227.0,40605.0
CA3010073,MOULTON NIGUEL WATER DISTRICT,92677,LWS,Orange,South Coast,6.0,171856.0,40605.0
CA3010092,IRVINE RANCH WATER DISTRICT,92618,LWS,Orange,South Coast,8.0,421715.0,40605.0
CA3010094,TRABUCO CANYON WATER DISTRICT,92679,LWS,Orange,South Coast,8.0,13659.0,40605.0
CA3010101,SANTA MARGARITA WATER DISTRICT,92688,LWS,Orange,South Coast,8.0,161264.0,40605.0
CA3110001,NORTH TAHOE PUD - MAIN,96148,LWS,Placer,North Lahontan,16.0,5300.0,40305.0
CA3110003,FORESTHILL PUBLIC UTILITY DIST,95631,LWS,Placer,Sacramento River,16.0,6000.0,40205.0
CA3110008,CITY OF ROSEVILLE,95678,LWS,Placer,Sacramento River,11.0,131057.0,40205.0
CA3110009,MEADOW VISTA CWD,95722,LWS,Placer,Sacramento River,11.0,4001.0,40205.0
CA3110010,TAHOE CITY PUD - MAIN,96145,LWS,El Dorado.Placer,North Lahontan,16.0,5661.0,40305.0
CA3110011,TAHOE CITY PUD - MCKINNEY/QUAIL,96145,SWS,El Dorado.Placer,North Lahontan,16.0,844.0,40305.0
CA3110023,NORTH TAHOE PUD - CARNELIAN WOODS,96148,SWS,Placer,North Lahontan,16.0,524.0,40305.0
CA3110028,NORTHSTAR C.S.D.,96161,LWS,Nevada,North Lahontan,16.0,300.0,40305.0
CA3110035,WEIMAR WATER COMPANY,95713,SWS,Placer,Sacramento River,11.0,1500.0,40205.0
CA3110036,NORTH TAHOE PUD - DOLLAR COVE,96148,SWS,Placer,North Lahontan,16.0,800.0,40305.0
CA3110150,CALAM - WEST PLACER,95838,LWS,Sacramento,Sacramento River,12.0,4561.0,40205.0
CA3301031,BANNING HTS. MUTUAL WATER CO.,92220,SWS,Riverside,Colorado River,15.0,552.0,40705.0
CA3301428,BLYTHE - MESA RANCH,92225,SWS,Riverside,Colorado River,15.0,561.0,40705.0
CA3301630,BLYTHE - HIDDEN BEACHES,92225,SWS,Riverside,Colorado River,15.0,383.0,40705.0
CA3310003,BLYTHE - CITY OF,92225,LWS,Riverside,Colorado River,15.0,11250.0,40705.0
CA3310006,"BANNING, CITY OF",92220,LWS,Riverside,Colorado River,15.0,30735.0,40705.0
CA3310009,EASTERN MUNICIPAL WD,92570,LWS,Riverside,South Coast,10.0,608232.0,40605.0
CA3310012,ELSINORE VALLEY MWD,92530,LWS,Riverside,South Coast,10.0,160093.0,40605.0
CA3310017,SOUTH MESA WC,92320,LWS,Riverside,South Coast,10.0,11953.0,40605.0
CA3310020,INDIO WATER AUTHORITY,92201,LWS,Riverside,Colorado River,15.0,79114.0,40705.0
CA3310021,JURUPA COMMUNITY SD,91752,LWS,Riverside,South Coast,10.0,133361.0,40605.0
CA3310025,"NORCO, CITY OF",92860,LWS,Riverside,South Coast,10.0,27564.0,40605.0
CA3310026,NUEVO WATER COMPANY,92567,LWS,Riverside,South Coast,10.0,7033.0,40605.0
CA3310031,"RIVERSIDE, CITY OF",92504,LWS,Riverside,South Coast,10.0,312045.0,40605.0
CA3310036,WESTERN MWD - MURRIETA DIVISION,92563,LWS,Riverside,South Coast,10.0,16143.0,40605.0
CA3310037,"CORONA, CITY OF",92880,LWS,Riverside,South Coast,10.0,169868.0,40605.0
CA3310049,WESTERN MWD,92518,LWS,Riverside,South Coast,10.0,86595.0,40605.0
CA3310074,LEE LAKE WATER DISTRICT,92883,LWS,Riverside,South Coast,10.0,19034.0,40605.0
CA3310076,WESTERN MWD (ID A - RAINBOW),92592,SWS,Riverside,South Coast,10.0,100.0,40605.0
CA3410004,CARMICHAEL WATER DISTRICT,95608,LWS,Sacramento,Sacramento River,12.0,37897.0,40205.0
CA3410009,FAIR OAKS WATER DISTRICT,95628,LWS,Sacramento,Sacramento River,12.0,35114.0,40205.0
CA3410010,CALAM - SUBURBAN,95838,LWS,Sacramento,Sacramento River,12.0,53563.0,40205.0
CA3410012,CALAM - ISLETON,95838,SWS,Sacramento,Sacramento River,12.0,1581.0,40205.0
CA3410013,CALAM - LINCOLN OAKS,95838,LWS,Sacramento,Sacramento River,12.0,47487.0,40205.0
CA3410015,GOLDEN STATE WATER CO. - CORDOVA,95670,LWS,Sacramento,Sacramento River,12.0,44928.0,40205.0
CA3410021,SAN JUAN WATER DISTRICT,95746,LWS,Placer.Sacramento,Sacramento River,11.0,29641.0,40205.0
CA3510001,"HOLLISTER, CITY OF",95023,LWS,San Benito,Central Coast,4.0,23358.0,40405.0
CA3510003,SUNNYSLOPE COUNTY WATER DIST,95023,LWS,San Benito,Central Coast,4.0,22902.0,40405.0
CA3510004,AROMAS WATER DISTRICT,95004,SWS,San Benito,Central Coast,3.0,2988.0,40405.0
CA3600008,APPLE VALLEY FOOTHILL CWD,92308,SWS,San Bernardino,South Lahontan,14.0,729.0,40705.0
CA3600009,APPLE VALLEY HEIGHTS CWD,92308,SWS,San Bernardino,South Lahontan,14.0,986.0,40705.0
CA3600222,JUNIPER RIVIERA CWD,92307,SWS,San Bernardino,South Lahontan,14.0,441.0,40705.0
CA3600270,GOLDEN STATE WATER CO - MORONGO,92256,SWS,San Bernardino,Colorado River,14.0,870.0,40705.0
CA3600279,GOLDEN STATE WATER CO - DESERT VIEW,92308,SWS,San Bernardino,Colorado River,14.0,125.0,40705.0
CA3600345,WEST END MWC,92356,SWS,San Bernardino,Colorado River,14.0,63.0,40705.0
CA3610004,WEST VALLEY WATER DISTRICT,92377,LWS,San Bernardino,South Coast,10.0,94332.0,40605.0
CA3610008,BIG BEAR CITY CSD,92314,LWS,San Bernardino,South Coast,16.0,12537.0,40605.0
CA3610009,BIGHORN - DESERT VIEW WATER AGENCY,92284,LWS,San Bernardino,Colorado River,14.0,3689.0,40705.0
CA3610012,"CHINO, CITY OF",91710,LWS,San Bernardino,South Coast,10.0,78463.0,40605.0
CA3610013,"LOMA LINDA, CITY OF",92354,LWS,San Bernardino,South Coast,10.0,24482.0,40605.0
CA3610015,CRESTLINE VILLAGE CWD - DIVISION 10,92325,LWS,San Bernardino,South Lahontan,16.0,8360.0,40705.0
CA3610025,JOSHUA BASIN WATER DISTRICT,92252,LWS,San Bernardino,Colorado River,14.0,9665.0,40705.0
CA3610030,MARIANA RANCHOS CWD,92308,SWS,San Bernardino,South Lahontan,14.0,1459.0,40705.0
CA3610032,"NEEDLES, CITY OF",92363,LWS,San Bernardino,Colorado River,15.0,5183.0,40705.0
CA3610034,ONTARIO MUNICIPAL UTILITIES COMPANY,91761,LWS,San Bernardino,South Coast,10.0,185010.0,40605.0
CA3610036,"CHINO HILLS, CITY OF",91709,LWS,San Bernardino,South Coast,10.0,82490.0,40605.0
CA3610037,REDLANDS CITY MUD-WATER DIV,92373,LWS,San Bernardino,South Coast,10.0,78025.0,40605.0
CA3610038,"RIALTO, CITY OF",92376,LWS,San Bernardino,South Coast,10.0,54453.0,40605.0
CA3610039,SAN BERNARDINO CITY,92415,LWS,San Bernardino,South Coast,10.0,204870.0,40605.0
CA3610043,GOLDEN STATE WATER CO - BARSTOW,92311,LWS,San Bernardino,South Lahontan,14.0,32869.0,40705.0
CA3610047,GOLDEN STATE WATER CO - WRIGHTWOOD,92397,LWS,San Bernardino,South Lahontan,14.0,4151.0,40705.0
CA3610051,VALLEY OF ENCHANTMENT MWC,92325,SWS,San Bernardino,South Lahontan,16.0,1992.0,40705.0
CA3610052,VICTORVILLE WATER DISTRICT,92392,LWS,San Bernardino,South Lahontan,14.0,124653.0,40705.0
CA3610053,WESTERN HEIGHTS WATER COMPANY,92399,LWS,San Bernardino,South Coast,10.0,7521.0,40605.0
CA3610055,YUCAIPA VALLEY WATER DISTRICT,92399,LWS,Riverside.San Bernardino,South Coast,10.0,51558.0,40605.0
CA3610062,RUNNING SPRINGS WATER DISTRICT,92382,LWS,San Bernardino,South Lahontan,16.0,4862.0,40705.0
CA3610063,GOLDEN STATE WATER CO - MORONGO DEL SUR,92256,SWS,San Bernardino,Colorado River,14.0,1706.0,40705.0
CA3610073,HI DESERT WD,92284,LWS,San Bernardino,Colorado River,14.0,25653.0,40705.0
CA3610085,SAN ANTONIO WATER COMPANY,91786,LWS,San Bernardino,South Coast,10.0,3371.0,40605.0
CA3610105,GOLDEN STATE WATER CO - APPLE VLY NORTH,92308,SWS,San Bernardino,South Lahontan,14.0,2106.0,40705.0
CA3610107,GOLDEN STATE WATER CO - APPLE VLY SOUTH,92308,LWS,San Bernardino,South Lahontan,14.0,6180.0,40705.0
CA3610108,GOLDEN STATE WATER CO - LUCERNE,92308,SWS,San Bernardino,South Lahontan,14.0,751.0,40705.0
CA3610109,SHEEP CREEK WATER COMPANY,92371,LWS,San Bernardino,South Lahontan,14.0,3623.0,40705.0
CA3610110,ARROWBEAR PARK CWD,92382,SWS,San Bernardino,South Lahontan,16.0,1856.0,40705.0
CA3610112,HELENDALE COMMUNITY SERVICE DISTRICT,92342,LWS,San Bernardino,South Lahontan,14.0,5849.0,40705.0
CA3610114,CLAWA,92325,LWS,San Bernardino,South Lahontan,16.0,2320.0,40705.0
CA3610121,SBDNO COUNTY SERVICE AREA 64,92394,LWS,San Bernardino,South Lahontan,14.0,14678.0,40705.0
CA3610854,SEARLES VALLEY MINERALS OPERATIONS INC,93562,LWS,Kern,South Lahontan,14.0,1818.0,40705.0
CA3700937,LAZY H MUTUAL WATER COMPANY,92061,SWS,San Diego,South Coast,10.0,142.0,40605.0
CA3700938,YUIMA MUNICIPAL WATER DISTRICT IDA,92061,SWS,San Diego,South Coast,10.0,593.0,40605.0
CA3710001,CALIFORNIA-AMERICAN WATER CO,91932,LWS,San Diego,South Coast,7.0,95000.0,40605.0
CA3710002,VALLECITOS WD,92069,LWS,San Diego,South Coast,10.0,105513.0,40605.0
CA3710004,"DEL MAR, CITY OF",92014,LWS,San Diego,South Coast,7.0,4268.0,40605.0
CA3710008,FALLBROOK PUD,92028,LWS,San Diego,South Coast,10.0,35237.0,40605.0
CA3710014,"OCEANSIDE, CITY OF",92054,LWS,San Diego,South Coast,7.0,178021.0,40605.0
CA3710015,"POWAY, CITY OF",92064,LWS,San Diego,South Coast,10.0,49737.0,40605.0
CA3710018,RINCON DEL DIABLO MWD (ID-1),92026,LWS,San Diego,South Coast,10.0,28689.0,40605.0
CA3710021,SAN DIEGUITO WD,92024,LWS,San Diego,South Coast,7.0,39722.0,40605.0
CA3710026,VALLEY CENTER MWD,92082,LWS,San Diego,South Coast,10.0,28507.0,40605.0
CA3710027,VISTA IRRIGATION DISTRICT,92081,LWS,San Diego,South Coast,7.0,134588.0,40605.0
CA3710044,RINCON DEL DIABLO MWD (ID-A),92026,LWS,San Diego,South Coast,10.0,3330.0,40605.0
CA3810001,SAN FRANCISCO REGIONAL WATER SYSTEM,94102,LWS,San Francisco,San Francisco Bay,3.0,2600600.0,40405.0
CA3810011,SFPUC CITY DISTRIBUTION DIVISION,94102,LWS,Alameda.San Francisco.San Mateo.Santa Clara,San Francisco Bay,3.0,884363.0,40405.0
CA3910005,"MANTECA, CITY OF",95337,LWS,San Joaquin,San Joaquin River,12.0,84625.0,40505.0
CA3910007,"RIPON, CITY OF",95366,LWS,San Joaquin,San Joaquin River,12.0,16292.0,40505.0
CA3910008,LOCKEFORD COMMUNITY SERV. DIST.,95237,SWS,San Joaquin,San Joaquin River,12.0,2500.0,40505.0
CA3910011,"TRACY, CITY OF",95376,LWS,San Joaquin,San Joaquin River,12.0,96345.0,40505.0
CA3910012,CITY OF STOCKTON,95206,LWS,San Joaquin,San Joaquin River,12.0,183046.0,40505.0
CA3910015,CITY OF LATHROP,95330,LWS,San Joaquin,San Joaquin River,12.0,26833.0,40505.0
CA3910020,STOCKTON VERDE MOBILE HOME PARK,95212,SWS,San Joaquin,San Joaquin River,12.0,691.0,40505.0
CA4000222,AVILA BEACH COMMUNITY SERVICES DISTRICT,93401,SWS,San Luis Obispo,Central Coast,5.0,1630.0,40405.0
CA4000568,SAN SIMEON CSD,93452,LWS,San Luis Obispo,Central Coast,5.0,462.0,40405.0
CA4000805,CALLENDER GROVE MUTUAL WATER,93444,SWS,San Luis Obispo,Central Coast,5.0,30.0,40405.0
CA4010001,"ARROYO GRANDE, WATER DEPARTMENT",93420,LWS,San Luis Obispo,Central Coast,5.0,17641.0,40405.0
CA4010004,GROVER BEACH WATER DEPARTMENT,93433,LWS,San Luis Obispo,Central Coast,5.0,13549.0,40405.0
CA4010007,PASO ROBLES WATER DEPARTMENT,93446,LWS,San Luis Obispo,Central Coast,4.0,31221.0,40405.0
CA4010008,PISMO BEACH WATER DEPARTMENT,93449,LWS,San Luis Obispo,Central Coast,5.0,8180.0,40405.0
CA4010009,SAN LUIS OBISPO WATER DEPARTMENT,93401,LWS,San Luis Obispo,Central Coast,5.0,45920.0,40405.0
CA4010010,SAN MIGUEL COMMUNITY SERVICES DISTRICT,93451,SWS,San Luis Obispo,Central Coast,4.0,2600.0,40405.0
CA4010015,MORRO ROCK MUTUAL WATER CO,93430,SWS,San Luis Obispo,Central Coast,5.0,1881.0,40405.0
CA4010017,GOLDEN STATE WATER COMPANY - LOS OSOS,93402,LWS,San Luis Obispo,Central Coast,5.0,5518.0,40405.0
CA4010018,GOLDEN STATE WATER COMPANY - NIPOMO,93402,LWS,San Luis Obispo,Central Coast,5.0,4409.0,40405.0
CA4010026,NIPOMO COMM SERVICES DIST,93444,LWS,San Luis Obispo,Central Coast,5.0,13173.0,40405.0
CA4110001,MID-PENINSULA WATER DISTRICT,94002,LWS,San Mateo,San Francisco Bay,3.0,28050.0,40405.0
CA4110011,COASTSIDE COUNTY WATER DISTRICT,94019,LWS,San Mateo,San Francisco Bay,3.0,18738.0,40405.0
CA4110016,HILLSBOROUGH WATER DEPT.,94010,LWS,San Mateo,San Francisco Bay,3.0,10910.0,40405.0
CA4110022,CITY OF REDWOOD CITY,94063,LWS,San Mateo,San Francisco Bay,3.0,87023.0,40405.0
CA4110023,CITY OF SAN BRUNO,94066,LWS,San Mateo,San Francisco Bay,3.0,46085.0,40405.0
CA4210002,LOS ALAMOS COMMUNITY SER DIST,93440,SWS,Santa Barbara,Central Coast,5.0,1800.0,40605.0
CA4210003,GUADALUPE WATER DEPARTMENT,93434,LWS,Santa Barbara,Central Coast,5.0,8123.0,40605.0
CA4210004,GOLETA WATER DISRICT,93110,LWS,Santa Barbara,Central Coast,6.0,84462.0,40605.0
CA4210006,LOMPOC-CITY WATER UTILITY DIV,93436,LWS,Santa Barbara,Central Coast,5.0,40415.0,40605.0
CA4210007,MONTECITO WATER DIST,93108,LWS,Santa Barbara,Central Coast,6.0,11428.0,40605.0
CA4210009,CUYAMA COMMUNITY SERVICES DISTRICT,93254,SWS,Santa Barbara,Central Coast,4.0,700.0,40605.0
CA4210010,CITY OF SANTA BARBARA WATER DEPARTMENT,93101,LWS,Santa Barbara,Central Coast,6.0,94929.0,40605.0
CA4210011,SANTA MARIA WATER DEPARTMENT,93455,LWS,Santa Barbara,Central Coast,5.0,107407.0,40605.0
CA4210013,SOLVANG WATER DIVISION,93463,LWS,Santa Barbara,Central Coast,5.0,5792.0,40605.0
CA4210016,GOLDEN STATE WATER COMPANY - ORCUTT,93402,LWS,Santa Barbara,Central Coast,5.0,32569.0,40605.0
CA4210017,VANDENBERG VILLAGE COMM. SERV. DIST.,93436,LWS,Santa Barbara,Central Coast,5.0,7442.0,40605.0
CA4210018,BUELLTON WATER DEPARTMENT,93427,LWS,Santa Barbara,Central Coast,5.0,5464.0,40605.0
CA4210019,MISSION HILLS CSD,93436,LWS,Santa Barbara,Central Coast,5.0,3600.0,40605.0
CA4210020,SANTA YNEZ RIVER WATER CONS. DIST. ID#1,93460,LWS,Santa Barbara,Central Coast,5.0,6737.0,40605.0
CA4210021,GOLDEN STATE WATER COMPANY - TANGLEWOOD,93455,SWS,Santa Barbara,Central Coast,5.0,1962.0,40605.0
CA4300545,SARATOGA HEIGHTS MUTUAL WATER COMPANY,95070,SWS,Santa Clara,San Francisco Bay,4.0,258.0,40405.0
CA4310005,CITY OF MILPITAS,95035,LWS,Santa Clara,San Francisco Bay,4.0,74865.0,40405.0
CA4310007,CITY OF MOUNTAIN VIEW,94043,LWS,Santa Clara,San Francisco Bay,4.0,83864.0,40405.0
CA4310012,CITY OF SANTA CLARA,95050,LWS,Santa Clara,San Francisco Bay,4.0,129104.0,40405.0
CA4310014,CITY OF SUNNYVALE,94087,LWS,Santa Clara,San Francisco Bay,4.0,155567.0,40405.0
CA4410010,SANTA CRUZ WATER DEPARTMENT,95060,LWS,Santa Cruz,Central Coast,3.0,97767.0,40405.0
CA4410011,"WATSONVILLE, CITY OF",95076,LWS,Santa Cruz,Central Coast,3.0,65384.0,40405.0
CA4410014,SAN LORENZO VALLEY WATER DIST,95006,LWS,Santa Cruz,Central Coast,3.0,21145.0,40405.0
CA4410017,SOQUEL CREEK WATER DISTRICT,95073,LWS,Santa Cruz,Central Coast,3.0,40644.0,40405.0
CA4510002,MOUNTAIN GATE C.S.D.,96003,SWS,Shasta,Sacramento River,11.0,2227.0,40205.0
CA4510006,CITY OF SHASTA LAKE,96019,LWS,Shasta,Sacramento River,11.0,10657.0,40205.0
CA4510007,COTTONWOOD COUNTY WATER DIST.,96022,LWS,Shasta,Sacramento River,11.0,3316.0,40205.0
CA4510011,CENTERVILLE C.S.D.,96001,LWS,Shasta,Sacramento River,11.0,4211.0,40205.0
CA4510014,BELLA VISTA WATER DISTRICT,96003,LWS,Shasta,Sacramento River,11.0,19098.0,40205.0
CA4710011,CITY OF YREKA,96097,LWS,Siskiyou,North Coast,16.0,7786.0,40105.0
CA4810001,CITY OF BENICIA,94510,LWS,Solano,San Francisco Bay,12.0,28000.0,40105.0
CA4810005,SUISUN-SOLANO WATER AUTHORITY,95688,LWS,Solano,San Francisco Bay,12.0,29917.0,40105.0
CA4810008,CITY OF VACAVILLE,95688,LWS,Solano,Sacramento River,12.0,98742.0,40205.0
CA4900532,SONOMA COUNTY CSA 41-JENNER,95450,SWS,Sonoma,North Coast,1.0,406.0,40105.0
CA4900536,OCCIDENTAL COMMUNITY SERVICES DISTRICT,95465,SWS,Sonoma,North Coast,2.0,383.0,40105.0
CA4900543,SONOMA COUNTY CSA 41-SALMON CREEK,94923,SWS,Sonoma,North Coast,1.0,427.0,40105.0
CA4900611,RAINS CREEK WATER DISTRICT,95425,SWS,Sonoma,North Coast,2.0,208.0,40105.0
CA4910005,"HEALDSBURG, CITY OF",95448,LWS,Sonoma,North Coast,2.0,12104.0,40105.0
CA4910008,RUSSIAN RIVER COUNTY WATER DISTRICT,95436,LWS,Sonoma,North Coast,2.0,4150.0,40105.0
CA4910009,"SANTA ROSA, CITY OF",95403,LWS,Sonoma,North Coast,2.0,173648.0,40105.0
CA4910011,"SEBASTOPOL, CITY OF",95472,LWS,Sonoma,North Coast,2.0,7786.0,40105.0
CA4910012,"SONOMA, CITY OF",95476,LWS,Sonoma,San Francisco Bay,2.0,11923.0,40105.0
CA4910013,VALLEY OF THE MOON WATER DISTRICT,95476,LWS,Sonoma,San Francisco Bay,2.0,23077.0,40105.0
CA4910017,"WINDSOR, TOWN OF",95492,LWS,Sonoma,North Coast,2.0,28397.0,40105.0
CA4910022,CANON MANOR WATER SYSTEM,94951,SWS,Sonoma,North Coast,2.0,795.0,40105.0
CA4910025,KENWOOD VILLAGE WATER COMPANY (PUC),95452,SWS,Sonoma,San Francisco Bay,2.0,1000.0,40105.0
CA4910029,CAMP MEEKER WATER SYSTEM,95465,SWS,Sonoma,North Coast,2.0,1171.0,40105.0
CA5000010,TID/ LA GRANGE WATER SYSTEM,95329,SWS,Stanislaus,San Joaquin River,12.0,195.0,40505.0
CA5000433,OID-OAKDALE RURAL WATER SYSTEM #1,95361,SWS,Stanislaus,San Joaquin River,12.0,1570.0,40505.0
CA5010009,KEYES COMMUNITY SERVICES DIST.,95328,LWS,Stanislaus,San Joaquin River,12.0,5999.0,40505.0
CA5010017,"PATTERSON, CITY OF",95363,LWS,Stanislaus,San Joaquin River,12.0,23764.0,40505.0
CA5010019,"TURLOCK, CITY OF",95380,LWS,Stanislaus,San Joaquin River,12.0,74297.0,40505.0
CA5010028,"CERES, CITY OF",95307,LWS,Stanislaus,San Joaquin River,12.0,48706.0,40505.0
CA5010039,WESTERN HILLS WATER DISTRICT/DIABLO GRAN,95363,LWS,Stanislaus,San Joaquin River,12.0,2000.0,40505.0
CA5110001,CITY OF LIVE OAK,95953,LWS,Sutter,Sacramento River,11.0,8912.0,40205.0
CA5110002,CITY OF YUBA CITY,95993,LWS,Sutter,Sacramento River,11.0,73202.0,40205.0
CA5210001,CITY OF CORNING,96021,LWS,Tehama,Sacramento River,11.0,7663.0,40205.0
CA5301102,TRINITY KNOLLS MUTUAL WATER COMPANY,96091,SWS,Trinity,North Coast,16.0,338.0,40105.0
CA5402048,DEL ORO RIVER ISLAND SERV TERR #2,93265,SWS,Tulare,Tulare Lake,13.0,99.0,40505.0
CA5410006,"LINDSAY, CITY OF",93247,LWS,Tulare,Tulare Lake,13.0,13463.0,40505.0
CA5410010,"PORTERVILLE, CITY OF",93257,LWS,Tulare,Tulare Lake,13.0,65702.0,40505.0
CA5410012,STRATHMORE PUBLIC UTIL DIST,93267,SWS,Tulare,Tulare Lake,13.0,1690.0,40505.0
CA5410015,"TULARE, CITY OF",93274,LWS,Tulare,Tulare Lake,13.0,65982.0,40505.0
CA5410034,DEL ORO CALIFORNIA PINES DISTRICT,93207,SWS,Tulare,Tulare Lake,13.0,930.0,40505.0
CA5410036,LSID-STRATHMORE SYSTEM,93247,SWS,Tulare,Tulare Lake,13.0,500.0,40505.0
CA5500243,RAMBLING HILLS ESTATES,95310,SWS,Tuolumne,San Joaquin River,12.0,78.0,40505.0
CA5510005,TWAIN HARTE COMMUNITY SERVICES DISTRICT,95383,LWS,Tuolumne,San Joaquin River,12.0,2226.0,40505.0
CA5510006,MI-WUK VILLAGE MUT WTR CO,95346,SWS,Tuolumne,San Joaquin River,12.0,1737.0,40505.0
CA5510009,GROVELAND COMMUNITY SERV DIST,95321,LWS,Tuolumne,San Joaquin River,12.0,3400.0,40505.0
CA5510011,COLD SPRINGS WATER CO,95335,SWS,Tuolumne,San Joaquin River,16.0,153.0,40505.0
CA5601116,SAN CAYETANO MUTUAL WATER CO,93060,SWS,Ventura,South Coast,9.0,46.0,40605.0
CA5601120,SISAR MUTUAL WATER CO,93060,SWS,Ventura,South Coast,9.0,340.0,40605.0
CA5602103,CYPRESS MUTUAL WATER CO INC,93030,SWS,Ventura,South Coast,6.0,228.0,40605.0
CA5602130,SOLANO VERDE MUTUAL WATER CO,93066,SWS,Ventura,South Coast,6.0,0.0,40605.0
CA5610009,PORT HUENEME WATER DEPT,93041,LWS,Ventura,South Coast,6.0,21954.0,40605.0
CA5610010,RIO PLAZA WATER CO INC,93036,SWS,Ventura,South Coast,6.0,1716.0,40605.0
CA5610011,SANTA PAULA WATER SYSTEM,93060,LWS,Ventura,South Coast,9.0,29321.0,40605.0
CA5610019,CAMARILLO WATER DEPT,93010,LWS,Ventura,South Coast,6.0,40481.0,40605.0
CA5610021,WARRING WATER SERVICE INC,93040,SWS,Ventura,South Coast,9.0,2100.0,40605.0
CA5610023,VENTURA WWD NO. 8 - SIMI VALLEY,93063,LWS,Ventura,South Coast,9.0,94738.0,40605.0
CA5610024,CASITAS MUNICIPAL WATER DIST,93022,LWS,Ventura,South Coast,9.0,11042.0,40605.0
CA5610039,CHANNEL ISLANDS BEACH CSD,93035,LWS,Ventura,South Coast,6.0,5400.0,40605.0
CA5610040,CAL AMERICAN WATER CO,91320,LWS,Ventura,South Coast,9.0,66369.0,40605.0
CA5610043,OAK PARK WATER SERVICE,91377,LWS,Ventura,South Coast,9.0,12200.0,40605.0
CA5610058,CRESTVIEW MUTUAL WATER CO,93010,SWS,Ventura,South Coast,6.0,2040.0,40605.0
CA5610059,GOLDEN STATE WATER COMPANY - SIMI,93063,LWS,Ventura,South Coast,9.0,43934.0,40605.0
CA5610063,CAMROSA WATER DISTRICT,93012,LWS,Ventura,South Coast,6.0,32700.0,40605.0
CA5610081,CAL AMERICAN WC - LAS POSAS ESTATES,91320,SWS,Ventura,South Coast,9.0,2049.0,40605.0
CA5710003,CITY OF WEST SACRAMENTO,95605,LWS,Yolo,Sacramento River,12.0,53355.0,40205.0
CA5710005,CITY OF WINTERS,95694,LWS,Yolo,Sacramento River,12.0,7417.0,40205.0
CA5710006,CITY OF WOODLAND,95776,LWS,Yolo,Sacramento River,12.0,60978.0,40205.0
CA5810002,LINDA COUNTY WATER DISTRICT,95901,LWS,Yuba,Sacramento River,11.0,19986.0,40205.0
